document_number,first_name,last_name,born_date,address,email,phone,gender,career
4454299,Chandra,Susannah,1979-03-14,F xXRU,ChandraSusannah@lsv-tech.com,+573833268111,other,bXDdKgQySIdtnFQnAMzzNxaZclqLJfktRFa iNenp VxhnzSLJMIpdXMHTDtAuk onEslvhntHGdUJtqMSbemu
7596846,Merci,Voletta,1966-02-12,wHuhlpISJsNvipHrE,MerciVoletta@lsv-tech.com,+574142541222,male,ccsADdUCJFwlbWuuLxNVkeWqGY
6873792,Nadine,Jillane,2011-10-13,tIPvJ,NadineJillane@lsv-tech.com,+577109977333,female,BWwANvPumOrZfEDeNjEsImPnCQaYSmbcyhxfgEHUfmVEHWIPQZhptgf NxoPX
1463502,Karlee,Pitt,1992-01-14,lAhgQeV ,KarleePitt@lsv-tech.com,+576176538444,other,IbbeAkPMoOjzDHgirnrpPdpACleYHuMYjUWjjKnncibuOVOHjgYnawmaPxogllyIcgFsL   gWsKsxIPsoLOCrTyvblWlooMB
7016307,Winifred,Birdella,1982-08-10,Fu dWALrJjBtxUpfHoP,WinifredBirdella@lsv-tech.com,+577595120555,female,TneDanwcZqriTZJzyDTLnYB PsxQXDFspkDwhlNFAcPZBhLlatRLVaWUJhGSksHoMDBJohzhqgnYSYuyfgZMjrscSbicH
3421261,Demetris,Ferrell,1945-02-09,bVRpbbYWQRgLNyrryc,DemetrisFerrell@lsv-tech.com,+579508601666,other,kDLzdtiwQANXPfjJkCJmYtsdGyjhAHeNjYfDwdRBeC
1830754,Dode,Lanita,1986-03-08,ldAPraxKelRPdar,DodeLanita@lsv-tech.com,+571276819777,other,qIOiZqZokEiNlaqcmqOtLKaLDytBOdigKwZFwIkLNvQJEeTzUpFFKKNUGgQpGozO
5678688,Ira,Alejoa,2009-07-04,PXZCg,IraAlejoa@lsv-tech.com,+575141787888,female,XYAZzJHxstzMNuVboTlDAXLGRzXBdNaWJLDAL
4471121,Jolyn,Chesna,1981-01-05,HHFaLVZjjDQlYIg,JolynChesna@lsv-tech.com,+572689353999,female,aNbutViJFBpqxVlAukRkOYqFeSByWyjKM  htssoDxNISpRoCYiXvkGjbiVomKyGskJSJysaWFUYyeY
7387047,Clementine,Kaja,1933-07-23,qnwvjFjl,ClementineKaja@lsv-tech.com,+573985957123,female,oZukEMIcmnNfTlSPVJUqBRhFfYBduOeZhdkxn
